학교명,약칭,지역,설립구분,더미_지역거점대,CCR,BCC,연도수,국지 I,p,군집,최근접 거점국립대,최근접 거점국립대(km),위치,x,y,xd,yd
가야대학교,가야대,경남,사립,0,0.893,0.9071199999999999,10,-0.277,0.407,유의하지 않음,부산대학교,21.1,김해,367896.3513738561,298850.6841792117,369451.98629246646,298850.6841792117
가천대학교,가천대,경기,사립,0,0.996,1.0,10,-1.075,0.082,유의하지 않음,강원대학교,76.8,성남,210290.9536183317,534225.2354776013,210290.9536183317,534225.2354776013
가톨릭관동대학교,가톨릭관동대,강원,사립,0,0.722,0.73821,10,0.026,0.848,유의하지 않음,강원대학교,98.3,강릉,361583.1808213179,569292.6470683403,363138.8157399283,569292.6470683403
가톨릭꽃동네대학교,가톨릭꽃동네대,충북,사립,0,0.589,0.78243,10,-0.109,0.826,유의하지 않음,충북대학교,0.0,청주,244608.0982319163,447759.1513295096,247112.32496635636,451025.47165405157
가톨릭대학교,가톨릭대,경기,사립,0,1.0,1.0,10,-0.492,0.417,유의하지 않음,강원대학교,94.2,부천,181317.7174459229,544997.7479866906,182873.3523645333,544997.7479866906
강남대학교,강남대,경기,사립,0,0.781,0.79333,10,0.0,0.999,유의하지 않음,충북대학교,70.4,용인,219691.4904023924,513614.3342048165,222195.71713683248,516880.65452935843
강서대학교,강서대,서울,사립,0,0.667,0.6808799999999999,10,0.032,0.905,유의하지 않음,강원대학교,88.4,강서양천,185196.4095512014,550117.2801401876,185196.4095512014,550117.2801401876
강원대학교,강원대,강원,국립,1,0.84,0.8780300000000001,10,0.03,0.869,유의하지 않음,강원대학교,0.0,춘천,265082.2634345409,588026.1238772052,266637.8983531513,588026.1238772052
건국대학교,건국대,서울,사립,0,0.859,0.8857900000000001,10,0.332,0.158,유의하지 않음,강원대학교,70.6,성동광진,205615.3786442012,549928.4331368682,205919.48950201733,546463.2467658113
건국대학교(글로컬),건국대(글로컬),충북,사립,0,0.891,0.8926999999999999,5,-0.097,0.765,유의하지 않음,충북대학교,55.8,충주,279709.6332433472,491074.4422801659,281265.2681619576,491074.4422801659
건양대학교,건양대,충남,사립,0,0.786,0.80874,10,-0.07,0.08,유의하지 않음,충남대학교,25.7,논산계룡,214865.8930121511,400343.9435022711,216421.52793076148,400343.9435022711
경기대학교,경기대,경기,사립,0,0.865,0.93413,10,-0.047,0.869,유의하지 않음,충북대학교,84.7,수원,200689.0530289822,520128.0079712231,202244.68794759258,520128.0079712231
경남과학기술대학교,경남과학기술대,경남,국립,0,0.893,0.90452,5,0.076,0.816,유의하지 않음,경상국립대학교,0.0,진주,302881.8826930653,290440.3530020122,300895.08743921487,292260.4202038697
경남대학교,경남대,경남,사립,0,0.76,0.82455,10,0.026,0.422,유의하지 않음,부산대학교,42.0,창원,345669.4247279161,290678.3700744114,347225.05964652647,290678.3700744114
경동대학교,경동대,강원,사립,0,0.925,0.92594,10,0.112,0.799,유의하지 않음,강원대학교,79.2,고성,322312.553667462,642818.7825796438,322312.553667462,642818.7825796438
경북대학교,경북대,대구,국립,1,0.854,0.8826600000000001,10,-0.132,0.564,유의하지 않음,경북대학교,0.0,대구(시 전체),344247.1689048222,375839.1798739985,345802.8038234326,375839.1798739985
경상국립대학교,경상대,경남,국립,1,0.7,0.7023699999999999,10,-0.157,0.405,유의하지 않음,경상국립대학교,0.0,진주,302881.8826930653,290440.3530020122,303185.9935508814,286975.1666309553
경성대학교,경성대,부산,사립,0,0.77,0.8475400000000001,10,-0.003,0.482,유의하지 않음,부산대학교,0.0,부산(시 전체),387639.9226630607,291401.9800562133,393664.77368499734,293602.2459863838
경운대학교,경운대,경북,사립,0,0.742,0.7498,10,-0.088,0.277,유의하지 않음,경북대학교,34.3,구미,321904.7894350805,401899.7358109269,319917.9941812301,403719.8030127844
경일대학교,경일대,경북,사립,0,0.68,0.68669,10,0.068,0.796,유의하지 않음,경북대학교,24.2,경산,363460.7786542044,361143.426011477,367814.0980996492,358374.2005230214
경주대학교,경주대,경북,사립,0,0.861,0.9072100000000001,10,0.277,0.275,유의하지 않음,경북대학교,59.7,경주,402056.5305546146,361117.7132590674,403612.165473225,361117.7132590674
경희대학교,경희대,서울,사립,0,0.953,1.0,10,0.91,0.066,유의하지 않음,강원대학교,67.2,동부,206743.7738516248,554597.9878066893,208299.4087702352,554597.9878066893
계명대학교,계명대,대구,사립,0,0.71,0.87213,10,0.158,0.353,유의하지 않음,경북대학교,0.0,대구(시 전체),344247.1689048222,375839.1798739985,342260.3736509718,377659.247075856
고려대학교,고려대,서울,사립,0,0.936,0.9959,10,-0.034,0.929,유의하지 않음,강원대학교,70.4,성북강북,201275.5920857862,558289.5478463995,202831.22700439658,558289.5478463995
고려대학교(세종),고려대(세종),충남,사립,0,0.967,0.9676199999999999,5,-0.25,0.639,유의하지 않음,충북대학교,22.7,세종(시 전체),223166.3439999572,440288.6745113872,223166.3439999572,440288.6745113872
고신대학교,고신대,부산,사립,0,0.637,0.64178,10,-0.129,0.721,유의하지 않음,부산대학교,0.0,부산(시 전체),387639.9226630607,291401.9800562133,380910.15881373436,287501.94434710755
광신대학교,광신대,광주,사립,0,0.425,0.63288,10,0.81,0.4,유의하지 않음,전남대학교,0.0,광주(시 전체),185005.810847498,284385.0778172273,182228.86992966887,279038.2470607056
광운대학교,광운대,서울,사립,0,0.91,0.9110799999999999,10,-0.001,0.999,유의하지 않음,강원대학교,65.2,북부,205237.576966433,562109.6255012571,203250.78171258257,563929.6927031146
광주대학교,광주대,광주,사립,0,0.8,0.8072699999999999,10,-0.142,0.066,유의하지 않음,전남대학교,0.0,광주(시 전체),185005.810847498,284385.0778172273,180410.2467997483,283572.1872446221
광주여자대학교,광주여자대,광주,사립,0,0.857,0.8677300000000001,10,-0.088,0.721,유의하지 않음,전남대학교,0.0,광주(시 전체),185005.810847498,284385.0778172273,185309.92170531413,280919.8914461704
국립강릉원주대학교,강릉원주대,강원,국립,0,0.624,0.63229,10,-0.039,0.931,유의하지 않음,강원대학교,98.3,강릉,361583.1808213179,569292.6470683403,359596.3855674675,571112.7142701978
국립경국대학교,경국대,경북,국립,0,0.65,0.65703,10,0.068,0.845,유의하지 않음,경북대학교,69.7,안동,359319.0847536508,443906.0198258685,359319.0847536508,443906.0198258685
국립공주대학교,공주대,충남,국립,0,0.811,0.8487600000000001,10,-0.063,0.589,유의하지 않음,충남대학교,32.5,공주,206740.591157016,431289.7737893288,206740.591157016,431289.7737893288
국립군산대학교,군산대,전북,국립,0,0.704,0.7144199999999999,10,-0.157,0.423,유의하지 않음,전북대학교,37.7,군산,175281.3940621501,372580.2010874289,173294.59880829966,374400.2682892864
국립금오공과대학교,금오공과대,경북,국립,0,0.911,0.91694,10,0.212,0.591,유의하지 않음,경북대학교,34.3,구미,321904.7894350805,401899.7358109269,323460.4243536909,401899.7358109269
국립목포대학교,목포대,전남,국립,0,0.784,0.78807,10,-0.014,0.708,유의하지 않음,전남대학교,43.6,무안,147561.8358829577,262053.7295743524,145575.04062910727,263873.7967762099
국립목포해양대학교,목포해양대,전남,국립,0,0.837,0.84695,10,0.148,0.424,유의하지 않음,전남대학교,56.3,목포,144349.2068401844,245493.3095517558,142362.41158633397,247313.37675361332
국립부경대학교,부경대,부산,국립,0,0.826,0.8474499999999999,10,-0.026,0.874,유의하지 않음,부산대학교,0.0,부산(시 전체),387639.9226630607,291401.9800562133,387944.03352087684,287936.7936851564
국립순천대학교,순천대,전남,국립,0,0.71,0.71401,10,0.057,0.753,유의하지 않음,전남대학교,53.6,순천,235528.1866213967,266581.6416305321,235528.1866213967,266581.6416305321
국립창원대학교,창원대,경남,국립,0,0.694,0.71261,10,0.169,0.41,유의하지 않음,부산대학교,42.0,창원,345669.4247279161,290678.3700744114,345973.5355857322,287213.1837033545
국립한국교통대학교,한국교통대,충북,국립,0,0.798,0.8152900000000001,10,-0.001,0.994,유의하지 않음,충북대학교,55.8,충주,279709.6332433472,491074.4422801659,277722.8379894968,492894.5094820234
국립한국해양대학교,한국해양대,부산,국립,0,0.858,0.86675,10,0.052,0.833,유의하지 않음,부산대학교,0.0,부산(시 전체),387639.9226630607,291401.9800562133,385653.1274092103,293222.0472580708
국립한밭대학교,한밭대,대전,국립,0,0.859,0.86905,10,-0.067,0.79,유의하지 않음,충남대학교,0.0,대전(시 전체),235373.3490155741,415813.0367390437,235677.4598733902,412347.85036798683
국민대학교,국민대,서울,사립,0,0.856,0.9407099999999999,10,0.216,0.358,유의하지 않음,강원대학교,70.4,성북강북,201275.5920857862,558289.5478463995,199288.79683193576,560109.6150482569
극동대학교,극동대,충북,사립,0,0.883,0.90087,10,0.032,0.916,유의하지 않음,충북대학교,40.1,음성,254689.0058466737,486550.5113345805,254689.0058466737,486550.5113345805
금강대학교,금강대,충남,사립,0,0.431,0.8023199999999999,10,0.371,0.704,유의하지 않음,충남대학교,25.7,논산계룡,214865.8930121511,400343.9435022711,212879.09775830066,402164.0107041286
김천대학교,김천대,경북,사립,0,0.926,0.93645,10,0.216,0.632,유의하지 않음,경북대학교,48.1,김천,297097.7996073109,385287.0062708193,297097.7996073109,385287.0062708193
나사렛대학교,나사렛대,충남,사립,0,0.794,0.80379,10,0.028,0.638,유의하지 않음,충북대학교,32.9,천안,218074.5675764985,467293.8744772132,218378.6784343146,463828.6881061563
남부대학교,남부대,광주,사립,0,0.858,0.87643,10,-0.387,0.111,유의하지 않음,전남대학교,0.0,광주(시 전체),185005.810847498,284385.0778172273,183019.01559364758,286205.1450190848
남서울대학교,남서울대,충남,사립,0,0.877,0.9073,10,0.059,0.846,유의하지 않음,충북대학교,32.9,천안,218074.5675764985,467293.8744772132,219630.20249510888,467293.8744772132
단국대학교,단국대,경기,사립,0,0.813,0.99881,10,-0.011,0.92,유의하지 않음,충북대학교,70.4,용인,219691.4904023924,513614.3342048165,221247.1253210028,513614.3342048165
대구가톨릭대학교,대구가톨릭대,경북,사립,0,0.729,0.77098,10,0.162,0.179,유의하지 않음,경북대학교,24.2,경산,363460.7786542044,361143.426011477,358865.2146064547,360330.5354388718
대구대학교,대구대,경북,사립,0,0.731,0.8696999999999999,10,0.041,0.724,유의하지 않음,경북대학교,24.2,경산,363460.7786542044,361143.426011477,365965.00538864447,364409.74633601896
대구예술대학교,대구예술대,경북,사립,0,0.659,0.71989,10,-0.46,0.134,유의하지 않음,경북대학교,13.3,칠곡,331843.5708473172,380762.455894516,331843.5708473172,380762.455894516
대구외국어대학교,대구외국어대,경북,사립,0,0.943,1.0,1,-0.873,0.073,유의하지 않음,경북대학교,24.2,경산,363460.7786542044,361143.426011477,361473.983400354,362963.4932133345
대구한의대학교,대구한의대,경북,사립,0,0.762,0.76871,10,0.058,0.028,저-저,경북대학교,24.2,경산,363460.7786542044,361143.426011477,363764.8895120205,357678.2396404201
대신대학교,대신대,경북,사립,0,0.389,0.81724,10,1.177,0.246,유의하지 않음,경북대학교,24.2,경산,363460.7786542044,361143.426011477,360683.8377363753,355796.59525495535
대전대학교,대전대,대전,사립,0,0.744,0.76068,10,-0.029,0.728,유의하지 않음,충남대학교,0.0,대전(시 전체),235373.3490155741,415813.0367390437,239726.66846101888,413043.8112505881
대진대학교,대진대,경기,사립,0,0.739,0.75658,10,-0.029,0.751,유의하지 않음,강원대학교,43.9,포천,221996.8169290428,596675.1450777068,220010.02167519237,598495.2122795642
덕성여자대학교,덕성여자대,서울,사립,0,0.757,0.76464,10,-0.045,0.249,유의하지 않음,강원대학교,65.2,북부,205237.576966433,562109.6255012571,200642.0129186833,561296.734928652
동국대학교,동국대,서울,사립,0,0.874,0.8800100000000001,10,-0.333,0.248,유의하지 않음,강원대학교,76.0,중부,198379.9401580877,551584.7100490642,196393.14490423727,553404.7772509217
동국대학교(WISE),동국대(WISE),경북,사립,0,0.707,0.71214,5,0.0,1.0,유의하지 않음,경북대학교,59.7,경주,402056.5305546146,361117.7132590674,400069.7353007642,362937.7804609249
동덕여자대학교,동덕여자대,서울,사립,0,0.838,0.85092,10,0.181,0.338,유의하지 않음,강원대학교,70.4,성북강북,201275.5920857862,558289.5478463995,201579.70294360231,554824.3614753427
동명대학교,동명대,부산,사립,0,0.825,0.83737,10,0.024,0.896,유의하지 않음,부산대학교,0.0,부산(시 전체),387639.9226630607,291401.9800562133,390144.1493975008,294668.3003807552
동서대학교,동서대,부산,사립,0,0.797,0.8324300000000001,10,0.029,0.696,유의하지 않음,부산대학교,0.0,부산(시 전체),387639.9226630607,291401.9800562133,391993.2421085055,288632.75456775766
동신대학교,동신대,전남,사립,0,0.78,0.7893399999999999,10,-0.017,0.427,유의하지 않음,전남대학교,21.3,나주,174473.3534425285,265864.7022286925,174473.3534425285,265864.7022286925
동아대학교,동아대,부산,사립,0,0.761,0.89308,10,0.0,0.986,유의하지 않음,부산대학교,0.0,부산(시 전체),387639.9226630607,291401.9800562133,381372.0691042389,293989.25889027125
동양대학교,동양대,경북,사립,0,0.687,0.70004,10,-0.06,0.799,유의하지 않음,경북대학교,100.0,영주,342458.5139144896,475830.658901695,342458.5139144896,475830.658901695
동의대학교,동의대,부산,사립,0,0.817,0.96316,10,0.078,0.532,유의하지 않음,부산대학교,0.0,부산(시 전체),387639.9226630607,291401.9800562133,383044.35861531104,290589.0894836081
루터대학교,루터대,경기,사립,0,0.58,0.98282,10,-0.287,0.595,유의하지 않음,충북대학교,70.4,용인,219691.4904023924,513614.3342048165,224044.8098478372,510845.1087163609
명지대학교,명지대,경기,사립,0,0.806,0.91611,10,-0.012,0.889,유의하지 않음,충북대학교,70.4,용인,219691.4904023924,513614.3342048165,219995.60126020852,510149.1478337596
목원대학교,목원대,대전,사립,0,0.751,0.75948,10,0.02,0.748,유의하지 않음,충남대학교,0.0,대전(시 전체),235373.3490155741,415813.0367390437,230777.78496782438,415000.1461664385
목포가톨릭대학교,목포가톨릭대,전남,사립,0,0.882,0.9888300000000001,10,0.209,0.498,유의하지 않음,전남대학교,56.3,목포,144349.2068401844,245493.3095517558,145904.8417587948,245493.3095517558
배재대학교,배재대,대전,사립,0,0.671,0.6842499999999999,10,-0.049,0.85,유의하지 않음,충남대학교,0.0,대전(시 전체),235373.3490155741,415813.0367390437,241398.20003751072,418013.30266921426
백석대학교,백석대,충남,사립,0,0.755,0.9028,10,-0.026,0.581,유의하지 않음,충북대학교,32.9,천안,218074.5675764985,467293.8744772132,220578.79431093857,470560.19480175513
부산가톨릭대학교,부산가톨릭대,부산,사립,0,0.895,0.90195,10,0.111,0.755,유의하지 않음,부산대학교,0.0,부산(시 전체),387639.9226630607,291401.9800562133,389195.5575816711,291401.9800562133
부산대학교,부산대,부산,국립,1,0.795,0.80854,10,0.011,0.873,유의하지 않음,부산대학교,0.0,부산(시 전체),387639.9226630607,291401.9800562133,386183.8225049048,296818.60006590735
부산외국어대학교,부산외국어대,부산,사립,0,0.738,0.7611600000000001,10,-0.098,0.278,유의하지 않음,부산대학교,0.0,부산(시 전체),387639.9226630607,291401.9800562133,390661.4422520213,284945.1681979099
부산장신대학교,부산장신대,부산,사립,0,0.368,0.9627700000000001,10,-0.481,0.665,유의하지 않음,부산대학교,21.1,김해,367896.3513738561,298850.6841792117,368200.4622316722,295385.4978081548
삼육대학교,삼육대,서울,사립,0,0.78,0.7855800000000001,10,0.025,0.285,유의하지 않음,강원대학교,65.2,북부,205237.576966433,562109.6255012571,205541.68782424912,558644.4391302003
상명대학교,상명대,서울,사립,0,0.832,0.90486,10,0.05,0.785,유의하지 않음,강원대학교,76.0,중부,198379.9401580877,551584.7100490642,198684.05101590382,548119.5236780074
상지대학교,상지대,강원,사립,0,0.754,0.79016,10,-0.02,0.661,유의하지 않음,강원대학교,66.7,원주,282404.5914731413,523624.8745083912,283960.22639175167,523624.8745083912
서강대학교,서강대,서울,사립,0,0.91,0.92354,10,-0.512,0.196,유의하지 않음,강원대학교,79.3,서부,193263.7758926557,554383.1777516941,194819.4108112661,554383.1777516941
서경대학교,서경대,서울,사립,0,0.798,0.81516,10,0.082,0.286,유의하지 않음,강원대학교,70.4,성북강북,201275.5920857862,558289.5478463995,203779.81882022627,561555.8681709414
서남대학교,서남대,전북,사립,0,0.65,0.6511,1,-0.014,0.962,유의하지 않음,전북대학교,53.8,남원,240131.2347412552,314063.6436703638,240131.2347412552,314063.6436703638
서울과학기술대학교,서울과학기술대,서울,국립,0,0.936,0.93712,10,0.174,0.719,유의하지 않음,강원대학교,65.2,북부,205237.576966433,562109.6255012571,206793.2118850434,562109.6255012571
서울기독대학교,서울기독대,서울,사립,0,0.453,0.77547,10,-0.011,0.995,유의하지 않음,강원대학교,79.3,서부,193263.7758926557,554383.1777516941,197617.0953381005,551613.9522632385
서울대학교,서울대,서울,국립대법인,0,0.945,1.0,6,-0.48,0.308,유의하지 않음,강원대학교,83.5,동작관악,195363.7981374441,542131.221196536,196919.4330560545,542131.221196536
서울시립대학교,서울시립대,서울,공립,0,0.802,0.8084899999999999,10,0.212,0.025,고-고,강원대학교,67.2,동부,206743.7738516248,554597.9878066893,207047.88470944093,551132.8014356325
서울신학대학교,서울신학대,경기,사립,0,0.658,0.68251,10,-0.01,0.973,유의하지 않음,강원대학교,94.2,부천,181317.7174459229,544997.7479866906,179330.92219207247,546817.8151885481
서울여자대학교,서울여자대,서울,사립,0,0.778,0.79081,10,0.007,0.7,유의하지 않음,강원대학교,65.2,북부,205237.576966433,562109.6255012571,207741.80370087308,565375.945825799
서울장신대학교,서울장신대,경기,사립,0,0.389,0.63483,10,-0.435,0.687,유의하지 않음,강원대학교,65.5,광주하남,225163.7397769255,536146.4668748373,225163.7397769255,536146.4668748373
서울한영대학교,서울한영대,서울,사립,0,0.565,0.6837666666666666,9,0.207,0.716,유의하지 않음,강원대학교,86.7,남부,190215.852241529,544368.5718300662,188229.05698767857,546188.6390319236
서원대학교,서원대,충북,사립,0,0.677,0.6794100000000001,10,0.036,0.896,유의하지 않음,충북대학교,0.0,청주,244608.0982319163,447759.1513295096,244912.2090897324,444293.96495845274
선문대학교,선문대,충남,사립,0,0.787,0.83338,10,0.02,0.654,유의하지 않음,충북대학교,50.5,아산,198222.0776584705,467629.913240422,196235.28240462005,469449.98044227954
성결대학교,성결대,경기,사립,0,0.705,0.7088,10,-0.02,0.926,유의하지 않음,강원대학교,87.0,안양과천,196132.5485502999,535021.2231223115,194145.75329644946,536841.290324169
성공회대학교,성공회대,서울,사립,0,0.639,0.64871,10,0.213,0.537,유의하지 않음,강원대학교,86.7,남부,190215.852241529,544368.5718300662,191771.4871601394,544368.5718300662
성균관대학교,성균관대,서울,사립,0,1.0,1.0,10,-0.325,0.621,유의하지 않음,강원대학교,76.0,중부,198379.9401580877,551584.7100490642,199935.5750766981,551584.7100490642
성신여자대학교,성신여자대,서울,사립,0,0.735,0.76741,10,-0.082,0.388,유의하지 않음,강원대학교,70.4,성북강북,201275.5920857862,558289.5478463995,196680.0280380365,557476.6572737943
세명대학교,세명대,충북,사립,0,0.816,0.82513,10,-0.056,0.655,유의하지 않음,충북대학교,74.8,제천,301480.8397703253,496270.7652513044,301480.8397703253,496270.7652513044
세종대학교,세종대,서울,사립,0,1.0,1.0,10,0.603,0.323,유의하지 않음,강원대학교,70.6,성동광진,205615.3786442012,549928.4331368682,207171.0135628116,549928.4331368682
세한대학교,세한대,전남,사립,0,0.766,0.77605,10,-0.017,0.317,유의하지 않음,전남대학교,44.5,영암,165336.2271599669,244417.2899973458,165336.2271599669,244417.2899973458
송원대학교,송원대,광주,사립,0,0.683,0.6973333333333334,9,0.394,0.126,유의하지 않음,전남대학교,0.0,광주(시 전체),185005.810847498,284385.0778172273,183549.7106893421,289801.69782692136
수원대학교,수원대,경기,사립,0,0.838,0.8690300000000001,10,0.126,0.504,유의하지 않음,충북대학교,81.0,화성오산,189768.9322697716,507407.8909111479,191324.567188382,507407.8909111479
숙명여자대학교,숙명여자대,서울,사립,0,0.751,0.77568,10,-0.013,0.809,유의하지 않음,강원대학교,76.0,중부,198379.9401580877,551584.7100490642,200884.16689252778,554851.0303736061
순천향대학교,순천향대,충남,사립,0,0.725,0.73732,10,-0.083,0.487,유의하지 않음,충북대학교,50.5,아산,198222.0776584705,467629.913240422,198526.1885162866,464164.72686936514
숭실대학교,숭실대,서울,사립,0,0.872,0.9381499999999999,10,-0.219,0.455,유의하지 않음,강원대학교,83.5,동작관악,195363.7981374441,542131.221196536,195667.90899526022,538666.0348254791
신라대학교,신라대,부산,사립,0,0.77,0.79482,10,-0.001,0.862,유의하지 않음,부산대학교,0.0,부산(시 전체),387639.9226630607,291401.9800562133,384862.9817452316,286055.1492996916
신한대학교,신한대,경기,사립,0,0.616,0.6401600000000001,10,-0.268,0.549,유의하지 않음,강원대학교,63.7,동두천양주,201693.2958081919,581588.7732795734,201693.2958081919,581588.7732795734
아주대학교,아주대,경기,사립,0,0.848,0.8575200000000001,10,-0.005,0.979,유의하지 않음,충북대학교,84.7,수원,200689.0530289822,520128.0079712231,198702.25777513176,521948.0751730806
안양대학교,안양대,경기,사립,0,0.829,0.83199,10,-0.042,0.796,유의하지 않음,강원대학교,87.0,안양과천,196132.5485502999,535021.2231223115,197688.18346891028,535021.2231223115
연세대학교,연세대,서울,사립,0,0.832,0.93154,10,-0.247,0.166,유의하지 않음,강원대학교,79.3,서부,193263.7758926557,554383.1777516941,191276.98063880528,556203.2449535516
연세대학교(미래),연세대(미래),강원,사립,0,0.633,0.63574,5,-0.3,0.453,유의하지 않음,강원대학교,66.7,원주,282404.5914731413,523624.8745083912,282708.7023309574,520159.6881373343
영남대학교,영남대,경북,사립,0,0.986,0.99079,10,-1.256,0.034,고-저,경북대학교,24.2,경산,363460.7786542044,361143.426011477,365016.4135728148,361143.426011477
영남신학대학교,영남신학대,경북,사립,0,0.409,0.8768100000000001,10,0.418,0.691,유의하지 않음,경북대학교,24.2,경산,363460.7786542044,361143.426011477,362004.6784960485,366560.0460211711
영산대학교,영산대,경남,사립,0,0.73,0.73804,10,-0.082,0.452,유의하지 않음,부산대학교,0.0,부산(시 전체),387639.9226630607,291401.9800562133,389872.7487830798,298520.5815703985
예수대학교,예수대,전북,사립,0,0.942,0.9968299999999999,10,-0.62,0.197,유의하지 않음,전북대학교,0.0,전주,210463.5503911046,358990.5588179755,212019.185309715,358990.5588179755
예원예술대학교,예원예술대,전북,사립,0,0.616,0.6913199999999999,10,0.277,0.509,유의하지 않음,전북대학교,27.8,임실,221445.6508867001,333487.2818179066,221445.6508867001,333487.2818179066
용인대학교,용인대,경기,사립,0,0.811,0.82013,10,-0.01,0.932,유의하지 않음,충북대학교,70.4,용인,219691.4904023924,513614.3342048165,217704.69514854197,515434.401406674
우석대학교,우석대,전북,사립,0,0.717,0.73293,10,0.023,0.898,유의하지 않음,전북대학교,13.5,완주,219415.5125723036,369035.7717569731,220971.14749091398,369035.7717569731
우송대학교,우송대,대전,사립,0,0.881,0.91906,10,0.043,0.897,유의하지 않음,충남대학교,0.0,대전(시 전체),235373.3490155741,415813.0367390437,233386.55376172366,417633.10394090123
울산대학교,울산대,울산,사립,0,0.991,0.99223,10,-0.074,0.916,유의하지 않음,부산대학교,42.3,울산(시 전체),402935.7855297655,330839.1588219395,402935.7855297655,330839.1588219395
원광대학교,원광대,전북,사립,0,0.747,0.83002,10,0.033,0.608,유의하지 않음,전북대학교,24.4,익산,199054.5121287561,380608.4661730774,199054.5121287561,380608.4661730774
위덕대학교,위덕대,경북,사립,0,0.662,0.66848,10,-0.022,0.943,유의하지 않음,경북대학교,59.7,경주,402056.5305546146,361117.7132590674,402360.64141243073,357652.5268880105
유원대학교,유원대,충북,사립,0,0.927,0.94919,10,0.05,0.903,유의하지 않음,충남대학교,42.7,영동,273266.4876581998,396067.7180272388,273266.4876581998,396067.7180272388
을지대학교,을지대,대전,사립,0,0.907,0.91066,10,-0.038,0.922,유의하지 않음,충남대학교,0.0,대전(시 전체),235373.3490155741,415813.0367390437,236928.98393418448,415813.0367390437
이화여자대학교,이화여자대,서울,사립,0,0.726,0.7462,10,0.147,0.254,유의하지 않음,강원대학교,79.3,서부,193263.7758926557,554383.1777516941,195768.0026270958,557649.498076236
인제대학교,인제대,경남,사립,0,0.885,0.89401,10,-0.149,0.665,유의하지 않음,부산대학교,21.1,김해,367896.3513738561,298850.6841792117,365909.55612000567,300670.7513810692
인천가톨릭대학교,인천가톨릭대,인천,사립,0,0.538,0.60775,10,0.806,0.191,유의하지 않음,강원대학교,124.6,인천(시 전체),145206.9356789021,553929.8729782,145511.04653671823,550464.6866071431
인천대학교,인천대,인천,국립대법인,0,0.848,0.8565166666666667,6,-0.457,0.042,고-저,강원대학교,124.6,인천(시 전체),145206.9356789021,553929.8729782,143220.14042505168,555749.9401800574
인하대학교,인하대,인천,사립,0,0.942,0.9800000000000001,10,-1.15,0.024,고-저,강원대학교,124.6,인천(시 전체),145206.9356789021,553929.8729782,146762.5705975125,553929.8729782
전남대학교,전남대,광주,국립,1,0.821,0.8644399999999999,10,-0.272,0.044,고-저,전남대학교,0.0,광주(시 전체),185005.810847498,284385.0778172273,187510.0375819381,287651.3981417692
전북대학교,전북대,전북,국립,1,0.808,0.8240500000000001,10,-0.092,0.38,유의하지 않음,전북대학교,0.0,전주,210463.5503911046,358990.5588179755,208476.75513725416,360810.626019833
전주대학교,전주대,전북,사립,0,0.722,0.7648699999999999,10,0.093,0.522,유의하지 않음,전북대학교,0.0,전주,210463.5503911046,358990.5588179755,210767.66124892072,355525.3724469186
제주국제대학교,제주국제대,제주,사립,0,0.647,0.6796800000000001,10,-0.195,0.582,유의하지 않음,제주대학교,0.0,제주,156228.1000052704,94393.31482522555,154241.30475141996,96213.38202708306
제주대학교,제주대,제주,국립,1,0.716,0.71939,10,-0.056,0.686,유의하지 않음,제주대학교,0.0,제주,156228.1000052704,94393.31482522555,157783.73492388078,94393.31482522555
조선대학교,조선대,광주,사립,0,0.788,0.90134,10,-0.048,0.299,유의하지 않음,전남대학교,0.0,광주(시 전체),185005.810847498,284385.0778172273,189359.1302929428,281615.85232877167
중부대학교,중부대,충남,사립,0,0.759,0.76593,10,0.023,0.525,유의하지 않음,충남대학교,25.6,금산,243061.7132013108,391354.9139108683,243061.7132013108,391354.9139108683
중앙대학교,중앙대,서울,사립,0,0.94,0.99718,10,-0.462,0.327,유의하지 않음,강원대학교,83.5,동작관악,195363.7981374441,542131.221196536,193377.00288359367,543951.2883983934
중앙승가대학교,중앙승가대,경기,사립,0,0.093,0.9883333333333333,3,-1.728,0.34,유의하지 않음,강원대학교,100.8,김포,167047.2142074852,564744.4244747413,167047.2142074852,564744.4244747413
중원대학교,중원대,충북,사립,0,0.648,0.6555799999999999,10,-0.207,0.538,유의하지 않음,충북대학교,32.1,괴산증평,272285.1412862209,463923.7442537044,272285.1412862209,463923.7442537044
차의과학대학교,차의과학대,경기,사립,0,0.999,1.0,10,-0.231,0.695,유의하지 않음,강원대학교,43.9,포천,221996.8169290428,596675.1450777068,223552.4518476532,596675.1450777068
창신대학교,창신대,경남,사립,0,0.717,0.750325,8,0.132,0.37,유의하지 않음,부산대학교,42.0,창원,345669.4247279161,290678.3700744114,343682.6294740657,292498.4372762689
청운대학교,청운대,충남,사립,0,0.985,0.9874,10,0.495,0.406,유의하지 않음,충남대학교,73.5,홍성,166507.9650732543,441369.3722530673,166507.9650732543,441369.3722530673
청주대학교,청주대,충북,사립,0,0.823,0.88141,10,-0.098,0.496,유의하지 않음,충북대학교,0.0,청주,244608.0982319163,447759.1513295096,246163.73315052668,447759.1513295096
초당대학교,초당대,전남,사립,0,0.836,0.8410299999999999,10,-0.082,0.66,유의하지 않음,전남대학교,43.6,무안,147561.8358829577,262053.7295743524,149117.4708015681,262053.7295743524
총신대학교,총신대,서울,사립,0,0.446,0.45551,10,-0.425,0.646,유의하지 않음,강원대학교,83.5,동작관악,195363.7981374441,542131.221196536,197868.02487188418,545397.5415210779
추계예술대학교,추계예술대,서울,사립,0,0.471,0.5384,10,0.139,0.881,유의하지 않음,강원대학교,79.3,서부,193263.7758926557,554383.1777516941,188668.211844906,553570.2871790889
충남대학교,충남대,대전,국립,1,0.813,0.8369500000000001,10,-0.012,0.909,유의하지 않음,충남대학교,0.0,대전(시 전체),235373.3490155741,415813.0367390437,237877.57575001416,419079.35706358566
충북대학교,충북대,충북,국립,1,0.762,0.77371,10,0.004,0.898,유의하지 않음,충북대학교,0.0,청주,244608.0982319163,447759.1513295096,242621.30297806585,449579.21853136714
칼빈대학교,칼빈대,경기,사립,0,0.754,0.8924,10,-0.001,0.977,유의하지 않음,충북대학교,70.4,용인,219691.4904023924,513614.3342048165,215095.9263546427,512801.4436322113
평택대학교,평택대,경기,사립,0,0.727,0.7332799999999999,10,0.023,0.847,유의하지 않음,충북대학교,62.5,평택,198902.1678294449,490325.3414369159,198902.1678294449,490325.3414369159
포항공과대학교,포항공과대,경북,사립,0,1.0,1.0,10,-0.469,0.471,유의하지 않음,경북대학교,65.1,포항,407628.5007581978,390811.3317718789,409184.1356768082,390811.3317718789
한경국립대학교,한경대,경기,국립,0,0.826,0.83115,10,-0.038,0.802,유의하지 않음,충북대학교,48.5,안성,226933.6444971119,492943.0835134503,226933.6444971119,492943.0835134503
한국공학대학교,한국공학대,경기,사립,0,0.898,0.90669,10,0.139,0.697,유의하지 않음,강원대학교,101.2,시흥,180868.7478710807,531903.8480514435,180868.7478710807,531903.8480514435
한국국제대학교,한국국제대,경남,사립,0,0.987,0.98802,5,-0.031,0.947,유의하지 않음,경상국립대학교,0.0,진주,302881.8826930653,290440.3530020122,304437.51761167566,290440.3530020122
한국기술교육대학교,한국기술교육대,충남,사립,0,0.825,0.8514200000000001,10,0.052,0.708,유의하지 않음,충북대학교,32.9,천안,218074.5675764985,467293.8744772132,216087.77232264806,469113.9416790707
한국성서대학교,한국성서대,서울,사립,0,0.677,0.70148,10,-0.287,0.266,유의하지 않음,강원대학교,65.2,북부,205237.576966433,562109.6255012571,209590.8964118778,559340.4000128015
한국외국어대학교,한국외국어대,서울,사립,0,0.85,0.9663299999999999,10,0.458,0.041,고-고,강원대학교,67.2,동부,206743.7738516248,554597.9878066893,204756.97859777437,556418.0550085468
한국체육대학교,한국체육대,서울,국립,0,0.613,0.6224999999999999,10,-0.918,0.051,유의하지 않음,강원대학교,67.5,강동송파,211370.0621382737,547227.6933080909,211370.0621382737,547227.6933080909
한국침례신학대학교,한국침례신학대,대전,사립,0,0.69,0.735542857142857,7,-0.114,0.627,유의하지 않음,충남대학교,0.0,대전(시 전체),235373.3490155741,415813.0367390437,232596.40809774495,410466.20598252205
한국항공대학교,한국항공대,경기,사립,0,0.827,0.8327199999999999,10,-0.187,0.232,유의하지 않음,강원대학교,83.4,고양,185616.740763185,562831.6668573441,185616.740763185,562831.6668573441
한남대학교,한남대,대전,사립,0,0.738,0.7686,10,-0.017,0.858,유의하지 않음,충남대학교,0.0,대전(시 전체),235373.3490155741,415813.0367390437,233917.24885741816,421229.6567487378
한동대학교,한동대,경북,사립,0,0.706,0.71341,10,-0.187,0.3,유의하지 않음,경북대학교,65.1,포항,407628.5007581978,390811.3317718789,405641.7055043474,392631.3989737364
한라대학교,한라대,강원,사립,0,0.751,0.75805,10,-0.025,0.657,유의하지 않음,강원대학교,66.7,원주,282404.5914731413,523624.8745083912,280417.7962192909,525444.9417102487
한려대학교,한려대,전남,사립,0,0.847,0.9994166666666667,6,-0.046,0.835,유의하지 않음,경상국립대학교,47.9,광양,259785.922570281,269581.916606523,259785.922570281,269581.916606523
한림대학교,한림대,강원,사립,0,0.794,0.79812,10,0.018,0.773,유의하지 않음,강원대학교,0.0,춘천,265082.2634345409,588026.1238772052,263095.4681806905,589846.1910790626
한서대학교,한서대,충남,사립,0,0.811,0.8122888888888888,9,0.051,0.657,유의하지 않음,충북대학교,94.1,서산,152119.4156209645,465175.6541487558,152119.4156209645,465175.6541487558
한성대학교,한성대,서울,사립,0,0.7,0.70553,10,-0.171,0.41,유의하지 않음,강원대학교,70.4,성북강북,201275.5920857862,558289.5478463995,205628.911531231,555520.3223579439
한세대학교,한세대,경기,사립,0,0.634,0.64372,10,-0.563,0.142,유의하지 않음,강원대학교,90.8,군포의왕,196631.5753078676,528385.4041710321,196631.5753078676,528385.4041710321
한신대학교,한신대,경기,사립,0,0.662,0.67157,10,-0.364,0.226,유의하지 않음,충북대학교,81.0,화성오산,189768.9322697716,507407.8909111479,192273.1590042117,510674.2112356898
한양대학교,한양대,서울,사립,0,0.874,0.90564,10,0.376,0.182,유의하지 않음,강원대학교,70.6,성동광진,205615.3786442012,549928.4331368682,203628.58339035077,551748.5003387256
한양대학교(ERICA),한양대(ERICA),경기,사립,0,0.933,0.94762,5,-0.058,0.889,유의하지 않음,충북대학교,99.0,안산,178685.155644043,521678.8374494058,178685.155644043,521678.8374494058
한일장신대학교,한일장신대,전북,사립,0,0.574,0.7189300000000001,10,0.426,0.443,유의하지 않음,전북대학교,13.5,완주,219415.5125723036,369035.7717569731,217428.71731845316,370855.83895883063
한중대학교,한중대,강원,사립,0,0.876,0.896,1,-0.338,0.221,유의하지 않음,강원대학교,123.6,동해,381763.7148042658,547235.6696435452,381763.7148042658,547235.6696435452
협성대학교,협성대,경기,사립,0,0.752,0.77498,10,-0.052,0.356,유의하지 않음,충북대학교,81.0,화성오산,189768.9322697716,507407.8909111479,190073.04312758773,503942.704540091
호남대학교,호남대,광주,사립,0,0.918,0.92653,10,-0.744,0.064,유의하지 않음,전남대학교,0.0,광주(시 전체),185005.810847498,284385.0778172273,186561.4457661084,284385.0778172273
호남신학대학교,호남신학대,광주,사립,0,0.394,0.83369,10,0.79,0.453,유의하지 않음,전남대학교,0.0,광주(시 전체),185005.810847498,284385.0778172273,191030.66186943464,286585.3437473978
호서대학교,호서대,충남,사립,0,0.812,0.91114,10,0.044,0.695,유의하지 않음,충북대학교,50.5,아산,198222.0776584705,467629.913240422,199777.71257708088,467629.913240422
호원대학교,호원대,전북,사립,0,0.978,0.97972,10,-0.226,0.684,유의하지 않음,전북대학교,37.7,군산,175281.3940621501,372580.2010874289,176837.0289807605,372580.2010874289
홍익대학교,홍익대,서울,사립,0,0.821,0.9870300000000001,10,-0.163,0.222,유의하지 않음,강원대학교,79.3,서부,193263.7758926557,554383.1777516941,193567.88675047184,550917.9913806373
화성의과학대학교,화성의과학대,경기,사립,0,0.801,0.9648300000000001,10,0.064,0.452,유의하지 않음,충북대학교,81.0,화성오산,189768.9322697716,507407.8909111479,187782.13701592118,509227.9581130054
